Time(s),AngularVelocityX(rad/s),AngularVelocityY(rad/s),AngularVelocityZ(rad/s),EstimatedIntegrationError,EulerAngleX(rad),EulerAngleY(rad),EulerAngleZ(rad),OrientationQuaternion0,OrientationQuaternion1,OrientationQuaternion2,PositionX(m),PositionY(m),PositionZ(m),TimeStep(s),VelocityX(m/s),VelocityY(m/s),VelocityZ(m/s)
0,0.0,0.0,0.0,3.264482427745741e-05,-3.141592653589793,-0.05235987755982997,1.5707963267948966,0.9996573249755574,0.0,0.026176948307873156,0.0,0.0,874.603032,0.01,0.0,0.0,0.0
0.01,0.0,0.0,0.0,1.5614958108710814e-05,-3.141592653589793,-0.05235987755982997,1.5707963267948966,0.9996573249755574,0.0,0.026176948307873156,0.0,0.0,874.603032,0.010096783885331041,0.0,0.0,0.0
0.02009678388533104,0.0,0.0,0.0,0,-3.141592653589793,-0.05235987755982997,1.5707963267948966,0.9996573249755574,0.0,0.026176948307873156,0.0,0.0,874.603032,0.010096783885331041,0.0,0.0,0.0
